{
    "v": "5.8.1",
    "fr": 29.9700012207031,
    "ip": 0,
    "op": 180.00000733155,
    "w": 1080,
    "h": 1080,
    "nm": "Comp 1",
    "ddd": 0,
    "assets": [
        {
            "id": "image_0",
            "w": 197,
            "h": 271,
            "u": "images/",
            "p": "img_0.png",
            "e": 0
        },
        {
            "id": "image_1",
            "w": 75,
            "h": 96,
            "u": "images/",
            "p": "img_1.png",
            "e": 0
        },
        {
            "id": "image_2",
            "w": 55,
            "h": 102,
            "u": "images/",
            "p": "img_2.png",
            "e": 0
        },
        {
            "id": "image_3",
            "w": 179,
            "h": 376,
            "u": "images/",
            "p": "img_3.png",
            "e": 0
        },
        {
            "id": "image_4",
            "w": 133,
            "h": 279,
            "u": "images/",
            "p": "img_4.png",
            "e": 0
        },
        {
            "id": "image_5",
            "w": 197,
            "h": 427,
            "u": "images/",
            "p": "img_5.png",
            "e": 0
        },
        {
            "id": "image_6",
            "w": 78,
            "h": 223,
            "u": "images/",
            "p": "img_6.png",
            "e": 0
        },
        {
            "id": "image_7",
            "w": 43,
            "h": 121,
            "u": "images/",
            "p": "img_7.png",
            "e": 0
        },
        {
            "id": "image_8",
            "w": 103,
            "h": 79,
            "u": "images/",
            "p": "img_8.png",
            "e": 0
        },
        {
            "id": "image_9",
            "w": 456,
            "h": 142,
            "u": "images/",
            "p": "img_9.png",
            "e": 0
        },
        {
            "id": "image_10",
            "w": 536,
            "h": 323,
            "u": "images/",
            "p": "img_10.png",
            "e": 0
        },
        {
            "id": "image_11",
            "w": 1,
            "h": 1,
            "u": "images/",
            "p": "img_11.png",
            "e": 0
        },
        {
            "id": "comp_0",
            "nm": "form",
            "fr": 29.9700012207031,
            "layers": [
                {
                    "ddd": 0,
                    "ind": 1,
                    "ty": 2,
                    "nm": "Character",
                    "refId": "image_0",
                    "sr": 1,
                    "ks": {
                        "o": {
                            "a": 0,
                            "k": 100,
                            "ix": 11
                        },
                        "r": {
                            "a": 0,
                            "k": 0,
                            "ix": 10
                        },
                        "p": {
                            "a": 0,
                            "k": [
                                377.565,
                                344.144,
                                0
                            ],
                            "ix": 2,
                            "l": 2
                        },
                        "a": {
                            "a": 0,
                            "k": [
                                98.332,
                                135.046,
                                0
                            ],
                            "ix": 1,
                            "l": 2
                        },
                        "s": {
                            "a": 0,
                            "k": [
                                100,
                                100,
                                100
                            ],
                            "ix": 6,
                            "l": 2
                        }
                    },
                    "ao": 0,
                    "ip": 0,
                    "op": 899.000036617021,
                    "st": 0,
                    "bm": 0
                },
                {
                    "ddd": 0,
                    "ind": 2,
                    "ty": 2,
                    "nm": "Cat",
                    "refId": "image_1",
                    "sr": 1,
                    "ks": {
                        "o": {
                            "a": 0,
                            "k": 100,
                            "ix": 11
                        },
                        "r": {
                            "a": 0,
                            "k": 0,
                            "ix": 10
                        },
                        "p": {
                            "a": 0,
                            "k": [
                                231.557,
                                423.473,
                                0
                            ],
                            "ix": 2,
                            "l": 2
                        },
                        "a": {
                            "a": 0,
                            "k": [
                                37.261,
                                47.554,
                                0
                            ],
                            "ix": 1,
                            "l": 2
                        },
                        "s": {
                            "a": 0,
                            "k": [
                                100,
                                100,
                                100
                            ],
                            "ix": 6,
                            "l": 2
                        }
                    },
                    "ao": 0,
                    "ip": 0,
                    "op": 899.000036617021,
                    "st": 0,
                    "bm": 0
                },
                {
                    "ddd": 0,
                    "ind": 3,
                    "ty": 2,
                    "nm": "Plant",
                    "refId": "image_2",
                    "sr": 1,
                    "ks": {
                        "o": {
                            "a": 0,
                            "k": 100,
                            "ix": 11
                        },
                        "r": {
                            "a": 0,
                            "k": 0,
                            "ix": 10
                        },
                        "p": {
                            "a": 0,
                            "k": [
                                70.591,
                                423.803,
                                0
                            ],
                            "ix": 2,
                            "l": 2
                        },
                        "a": {
                            "a": 0,
                            "k": [
                                27.04,
                                50.752,
                                0
                            ],
                            "ix": 1,
                            "l": 2
                        },
                        "s": {
                            "a": 0,
                            "k": [
                                100,
                                100,
                                100
                            ],
                            "ix": 6,
                            "l": 2
                        }
                    },
                    "ao": 0,
                    "ef": [
                        {
                            "ty": 34,
                            "nm": "Puppet",
                            "np": 6,
                            "mn": "ADBE FreePin3",
                            "ix": 1,
                            "en": 1,
                            "ef": [
                                {
                                    "ty": 7,
                                    "nm": "Puppet Engine",
                                    "mn": "ADBE FreePin3 Puppet Engine",
                                    "ix": 1,
                                    "v": {
                                        "a": 0,
                                        "k": 2,
                                        "ix": 1
                                    }
                                },
                                {
                                    "ty": 0,
                                    "nm": "Mesh Rotation Refinement",
                                    "mn": "ADBE FreePin3 Auto Rotate Pins",
                                    "ix": 2,
                                    "v": {
                                        "a": 0,
                                        "k": 20,
                                        "ix": 2
                                    }
                                },
                                {
                                    "ty": 7,
                                    "nm": "On Transparent",
                                    "mn": "ADBE FreePin3 On Transparent",
                                    "ix": 3,
                                    "v": {
                                        "a": 0,
                                        "k": 0,
                                        "ix": 3
                                    }
                                },
                                {
                                    "ty": 29.9700012207031,
                                    "nm": "arap",
                                    "np": 3,
                                    "mn": "ADBE FreePin3 ARAP Group",
                                    "ix": 4,
                                    "en": 1,
                                    "ef": [
                                        {
                                            "ty": 6,
                                            "nm": "Auto-traced Shapes",
                                            "mn": "ADBE FreePin3 Outlines",
                                            "ix": 1,
                                            "v": 0
                                        },
                                        {
                                            "ty": 1,
                                            "nm": "Mesh",
                                            "np": 2,
                                            "mn": "ADBE FreePin3 Mesh Group",
                                            "ix": 2,
                                            "en": 1,
                                            "ef": [
                                                {
                                                    "nm": "Mesh 1",
                                                    "np": 8,
                                                    "mn": "ADBE FreePin3 Mesh Atom",
                                                    "ix": 1,
                                                    "en": 1,
                                                    "ef": [
                                                        {
                                                            "ty": 6,
                                                            "nm": "Mesh",
                                                            "mn": "ADBE FreePin3 Mesh",
                                                            "ix": 1,
                                                            "v": 0
                                                        },
                                                        {
                                                            "ty": 0,
                                                            "nm": "Triangles",
                                                            "mn": "ADBE FreePin3 Mesh Tri Count",
                                                            "ix": 2,
                                                            "v": {
                                                                "a": 0,
                                                                "k": 50,
                                                                "ix": 2
                                                            }
                                                        },
                                                        {
                                                            "ty": 0,
                                                            "nm": "Density",
                                                            "mn": "ADBE FreePin3 Mesh Tri Density",
                                                            "ix": 3,
                                                            "v": {
                                                                "a": 0,
                                                                "k": 10,
                                                                "ix": 3
                                                            }
                                                        },
                                                        {
                                                            "ty": 0,
                                                            "nm": "Expansion",
                                                            "mn": "ADBE FreePin3 Mesh Expansion",
                                                            "ix": 4,
                                                            "v": {
                                                                "a": 0,
                                                                "k": 3,
                                                                "ix": 4
                                                            }
                                                        },
                                                        {
                                                            "nm": "Deform",
                                                            "np": 4,
                                                            "mn": "ADBE FreePin3 PosPins",
                                                            "ix": 5,
                                                            "en": 1,
                                                            "ef": [
                                                                {
                                                                    "nm": "Puppet Pin 3",
                                                                    "np": 7,
                                                                    "mn": "ADBE FreePin3 PosPin Atom",
                                                                    "ix": 1,
                                                                    "en": 1,
                                                                    "ef": [
                                                                        {
                                                                            "ty": 3,
                                                                            "nm": "Vertex Offset",
                                                                            "mn": "ADBE FreePin3 PosPin Vtx Offset",
                                                                            "ix": 1,
                                                                            "v": {
                                                                                "a": 0,
                                                                                "k": [
                                                                                    0,
                                                                                    0
                                                                                ],
                                                                                "ix": 1
                                                                            }
                                                                        },
                                                                        {
                                                                            "ty": 0,
                                                                            "nm": "Vertex Index",
                                                                            "mn": "ADBE FreePin3 PosPin Vtx Index",
                                                                            "ix": 2,
                                                                            "v": {
                                                                                "a": 0,
                                                                                "k": 19,
                                                                                "ix": 2
                                                                            }
                                                                        },
                                                                        {
                                                                            "ty": 7,
                                                                            "nm": "Pin Type",
                                                                            "mn": "ADBE FreePin3 PosPin Type",
                                                                            "ix": 3,
                                                                            "v": {
                                                                                "a": 0,
                                                                                "k": 1,
                                                                                "ix": 3
                                                                            }
                                                                        },
                                                                        {
                                                                            "ty": 3,
                                                                            "nm": "Position",
                                                                            "mn": "ADBE FreePin3 PosPin Position",
                                                                            "ix": 4,
                                                                            "v": {
                                                                                "a": 1,
                                                                                "k": [
                                                                                    {
                                                                                        "i": {
                                                                                            "x": 0,
                                                                                            "y": 0
                                                                                        },
                                                                                        "o": {
                                                                                            "x": 0,
                                                                                            "y": 0
                                                                                        },
                                                                                        "t": 0,
                                                                                        "s": [
                                                                                            17.949,
                                                                                            53.949
                                                                                        ],
                                                                                        "to": [
                                                                                            0.333,
                                                                                            0.75
                                                                                        ],
                                                                                        "ti": [
                                                                                            0,
                                                                                            0
                                                                                        ]
                                                                                    },
                                                                                    {
                                                                                        "i": {
                                                                                            "x": 0,
                                                                                            "y": 0
                                                                                        },
                                                                                        "o": {
                                                                                            "x": 0,
                                                                                            "y": 0
                                                                                        },
                                                                                        "t": 0,
                                                                                        "s": [
                                                                                            19.949,
                                                                                            58.449
                                                                                        ],
                                                                                        "to": [
                                                                                            0,
                                                                                            0
                                                                                        ],
                                                                                        "ti": [
                                                                                            0.333,
                                                                                            0.75
                                                                                        ]
                                                                                    },
                                                                                    {
                                                                                        "t": null,
                                                                                        "s": [
                                                                                            17.949,
                                                                                            53.949
                                                                                        ]
                                                                                    }
                                                                                ],
                                                                                "ix": 4
                                                                            }
                                                                        },
                                                                        {
                                                                            "ty": 0,
                                                                            "nm": "Scale",
                                                                            "mn": "ADBE FreePin3 PosPin Scale",
                                                                            "ix": 5,
                                                                            "v": {
                                                                                "a": 0,
                                                                                "k": 100,
                                                                                "ix": 5
                                                                            }
                                                                        },
                                                                        {
                                                                            "ty": 0,
                                                                            "nm": "Rotation",
                                                                            "mn": "ADBE FreePin3 PosPin Rotation",
                                                                            "ix": 6,
                                                                            "v": {
                                                                                "a": 0,
                                                                                "k": 0,
                                                                                "ix": 6
                                                                            }
                                                                        }
                                                                    ]
                                                                },
                                                                {
                                                                    "nm": "Puppet Pin 2",
                                                                    "np": 7,
                                                                    "mn": "ADBE FreePin3 PosPin Atom",
                                                                    "ix": 2,
                                                                    "en": 1,
                                                                    "ef": [
                                                                        {
                                                                            "ty": 3,
                                                                            "nm": "Vertex Offset",
                                                                            "mn": "ADBE FreePin3 PosPin Vtx Offset",
                                                                            "ix": 1,
                                                                            "v": {
                                                                                "a": 0,
                                                                                "k": [
                                                                                    0,
                                                                                    0
                                                                                ],
                                                                                "ix": 1
                                                                            }
                                                                        },
                                                                        {
                                                                            "ty": 0,
                                                                            "nm": "Vertex Index",
                                                                            "mn": "ADBE FreePin3 PosPin Vtx Index",
                                                                            "ix": 2,
                                                                            "v": {
                                                                                "a": 0,
                                                                                "k": 20,
                                                                                "ix": 2
                                                                            }
                                                                        },
                                                                        {
                                                                            "ty": 7,
                                                                            "nm": "Pin Type",
                                                                            "mn": "ADBE FreePin3 PosPin Type",
                                                                            "ix": 3,
                                                                            "v": {
                                                                                "a": 0,
                                                                                "k": 1,
                                                                                "ix": 3
                                                                            }
                                                                        },
                                                                        {
                                                                            "ty": 3,
                                                                            "nm": "Position",
                                                                            "mn": "ADBE FreePin3 PosPin Position",
                                                                            "ix": 4,
                                                                            "v": {
                                                                                "a": 1,
                                                                                "k": [
                                                                                    {
                                                                                        "i": {
                                                                                            "x": 0,
                                                                                            "y": 0
                                                                                        },
                                                                                        "o": {
                                                                                            "x": 0,
                                                                                            "y": 0
                                                                                        },
                                                                                        "t": 0,
                                                                                        "s": [
                                                                                            37.449,
                                                                                            24.949
                                                                                        ],
                                                                                        "to": [
                                                                                            1.833,
                                                                                            -0.25
                                                                                        ],
                                                                                        "ti": [
                                                                                            1,
                                                                                            -0.917
                                                                                        ]
                                                                                    },
                                                                                    {
                                                                                        "i": {
                                                                                            "x": 0,
                                                                                            "y": 0
                                                                                        },
                                                                                        "o": {
                                                                                            "x": 0,
                                                                                            "y": 0
                                                                                        },
                                                                                        "t": 0,
                                                                                        "s": [
                                                                                            48.449,
                                                                                            23.449
                                                                                        ],
                                                                                        "to": [
                                                                                            -1,
                                                                                            0.917
                                                                                        ],
                                                                                        "ti": [
                                                                                            0.167,
                                                                                            -0.5
                                                                                        ]
                                                                                    },
                                                                                    {
                                                                                        "i": {
                                                                                            "x": 0,
                                                                                            "y": 0
                                                                                        },
                                                                                        "o": {
                                                                                            "x": 0,
                                                                                            "y": 0
                                                                                        },
                                                                                        "t": 0,
                                                                                        "s": [
                                                                                            31.449,
                                                                                            30.449
                                                                                        ],
                                                                                        "to": [
                                                                                            -0.167,
                                                                                            0.5
                                                                                        ],
                                                                                        "ti": [
                                                                                            -1,
                                                                                            0.917
                                                                                        ]
                                                                                    },
                                                                                    {
                                                                                        "i": {
                                                                                            "x": 0,
                                                                                            "y": 0
                                                                                        },
                                                                                        "o": {
                                                                                            "x": 0,
                                                                                            "y": 0
                                                                                        },
                                                                                        "t": 0,
                                                                                        "s": [
                                                                                            47.449,
                                                                                            26.449
                                                                                        ],
                                                                                        "to": [
                                                                                            1,
                                                                                            -0.917
                                                                                        ],
                                                                                        "ti": [
                                                                                            1.667,
                                                                                            0.25
                                                                                        ]
                                                                                    },
                                                                                    {
                                                                                        "t": null,
                                                                                        "s": [
                                                                                            37.449,
                                                                                            24.949
                                                                                        ]
                                                                                    }
                                                                                ],
                                                                                "ix": 4
                                                                            }
                                                                        },
                                                                        {
                                                                            "ty": 0,
                                                                            "nm": "Scale",
                                                                            "mn": "ADBE FreePin3 PosPin Scale",
                                                                            "ix": 5,
                                                                            "v": {
                                                                                "a": 0,
                                                                                "k": 100,
                                                                                "ix": 5
                                                                            }
                                                                        },
                                                                        {
                                                                            "ty": 0,
                                                                            "nm": "Rotation",
                                                                            "mn": "ADBE FreePin3 PosPin Rotation",
                                                                            "ix": 6,
                                                                            "v": {
                                                                                "a": 0,
                                                                                "k": 0,
                                                                                "ix": 6
                                                                            }
                                                                        }
                                                                    ]
                                                                },
                                                                {
                                                                    "nm": "Puppet Pin 1",
                                                                    "np": 7,
                                                                    "mn": "ADBE FreePin3 PosPin Atom",
                                                                    "ix": 3,
                                                                    "en": 1,
                                                                    "ef": [
                                                                        {
                                                                            "ty": 3,
                                                                            "nm": "Vertex Offset",
                                                                            "mn": "ADBE FreePin3 PosPin Vtx Offset",
                                                                            "ix": 1,
                                                                            "v": {
                                                                                "a": 0,
                                                                                "k": [
                                                                                    0,
                                                                                    0
                                                                                ],
                                                                                "ix": 1
                                                                            }
                                                                        },
                                                                        {
                                                                            "ty": 0,
                                                                            "nm": "Vertex Index",
                                                                            "mn": "ADBE FreePin3 PosPin Vtx Index",
                                                                            "ix": 2,
                                                                            "v": {
                                                                                "a": 0,
                                                                                "k": 21,
                                                                                "ix": 2
                                                                            }
                                                                        },
                                                                        {
                                                                            "ty": 7,
                                                                            "nm": "Pin Type",
                                                                            "mn": "ADBE FreePin3 PosPin Type",
                                                                            "ix": 3,
                                                                            "v": {
                                                                                "a": 0,
                                                                                "k": 1,
                                                                                "ix": 3
                                                                            }
                                                                        },
                                                                        {
                                                                            "ty": 3,
                                                                            "nm": "Position",
                                                                            "mn": "ADBE FreePin3 PosPin Position",
                                                                            "ix": 4,
                                                                            "v": {
                                                                                "a": 0,
                                                                                "k": [
                                                                                    36.449,
                                                                                    78.949
                                                                                ],
                                                                                "ix": 4
                                                                            }
                                                                        },
                                                                        {
                                                                            "ty": 0,
                                                                            "nm": "Scale",
                                                                            "mn": "ADBE FreePin3 PosPin Scale",
                                                                            "ix": 5,
                                                                            "v": {
                                                                                "a": 0,
                                                                                "k": 100,
                                                                                "ix": 5
                                                                            }
                                                                        },
                                                                        {
                                                                            "ty": 0,
                                                                            "nm": "Rotation",
                                                                            "mn": "ADBE FreePin3 PosPin Rotation",
                                                                            "ix": 6,
                                                                            "v": {
                                                                                "a": 0,
                                                                                "k": 0,
                                                                                "ix": 6
                                                                            }
                                                                        }
                                                                    ]
                                                                }
                                                            ]
                                                        },
                                                        {
                                                            "nm": "Overlap",
                                                            "np": 1,
                                                            "mn": "ADBE FreePin3 HghtPins",
                                                            "ix": 6,
                                                            "en": 1,
                                                            "ef": []
                                                        },
                                                        {
                                                            "nm": "Stiffness",
                                                            "np": 1,
                                                            "mn": "ADBE FreePin3 StarchPins",
                                                            "ix": 7,
                                                            "en": 1,
                                                            "ef": []
                                                        }
                                                    ]
                                                }
                                            ]
                                        }
                                    ]
                                }
                            ]
                        }
                    ],
                    "ip": 0,
                    "op": 899.000036617021,
                    "st": 0,
                    "bm": 0
                },
                {
                    "ddd": 0,
                    "ind": 4,
                    "ty": 2,
                    "nm": "Clipboard",
                    "refId": "image_3",
                    "sr": 1,
                    "ks": {
                        "o": {
                            "a": 0,
                            "k": 100,
                            "ix": 11
                        },
                        "r": {
                            "a": 0,
                            "k": 0,
                            "ix": 10
                        },
                        "p": {
                            "a": 1,
                            "k": [
                                {
                                    "i": {
                                        "x": 0.667,
                                        "y": 1
                                    },
                                    "o": {
                                        "x": 0.333,
                                        "y": 0
                                    },
                                    "t": 45,
                                    "s": [
                                        160.745,
                                        249.806,
                                        0
                                    ],
                                    "to": [
                                        0,
                                        -2.5,
                                        0
                                    ],
                                    "ti": [
                                        0,
                                        0,
                                        0
                                    ]
                                },
                                {
                                    "i": {
                                        "x": 0.667,
                                        "y": 1
                                    },
                                    "o": {
                                        "x": 0.333,
                                        "y": 0
                                    },
                                    "t": 91,
                                    "s": [
                                        160.745,
                                        234.806,
                                        0
                                    ],
                                    "to": [
                                        0,
                                        0,
                                        0
                                    ],
                                    "ti": [
                                        0,
                                        -2.5,
                                        0
                                    ]
                                },
                                {
                                    "t": 161.000006557664,
                                    "s": [
                                        160.745,
                                        249.806,
                                        0
                                    ]
                                }
                            ],
                            "ix": 2,
                            "l": 2
                        },
                        "a": {
                            "a": 0,
                            "k": [
                                89.224,
                                187.62,
                                0
                            ],
                            "ix": 1,
                            "l": 2
                        },
                        "s": {
                            "a": 0,
                            "k": [
                                100,
                                100,
                                100
                            ],
                            "ix": 6,
                            "l": 2
                        }
                    },
                    "ao": 0,
                    "ip": 0,
                    "op": 899.000036617021,
                    "st": 0,
                    "bm": 0
                },
                {
                    "ddd": 0,
                    "ind": 5,
                    "ty": 2,
                    "nm": "Screen",
                    "refId": "image_4",
                    "sr": 1,
                    "ks": {
                        "o": {
                            "a": 0,
                            "k": 100,
                            "ix": 11
                        },
                        "r": {
                            "a": 0,
                            "k": 0,
                            "ix": 10
                        },
                        "p": {
                            "a": 1,
                            "k": [
                                {
                                    "i": {
                                        "x": 0.667,
                                        "y": 1
                                    },
                                    "o": {
                                        "x": 0.333,
                                        "y": 0
                                    },
                                    "t": 26,
                                    "s": [
                                        280.708,
                                        182.51,
                                        0
                                    ],
                                    "to": [
                                        0,
                                        -6.167,
                                        0
                                    ],
                                    "ti": [
                                        0,
                                        0,
                                        0
                                    ]
                                },
                                {
                                    "i": {
                                        "x": 0.667,
                                        "y": 1
                                    },
                                    "o": {
                                        "x": 0.333,
                                        "y": 0
                                    },
                                    "t": 86,
                                    "s": [
                                        280.708,
                                        145.51,
                                        0
                                    ],
                                    "to": [
                                        0,
                                        0,
                                        0
                                    ],
                                    "ti": [
                                        0,
                                        -6.167,
                                        0
                                    ]
                                },
                                {
                                    "t": 147.000005987433,
                                    "s": [
                                        280.708,
                                        182.51,
                                        0
                                    ]
                                }
                            ],
                            "ix": 2,
                            "l": 2
                        },
                        "a": {
                            "a": 0,
                            "k": [
                                66.131,
                                139.086,
                                0
                            ],
                            "ix": 1,
                            "l": 2
                        },
                        "s": {
                            "a": 0,
                            "k": [
                                100,
                                100,
                                100
                            ],
                            "ix": 6,
                            "l": 2
                        }
                    },
                    "ao": 0,
                    "ip": 0,
                    "op": 899.000036617021,
                    "st": 0,
                    "bm": 0
                },
                {
                    "ddd": 0,
                    "ind": 6,
                    "ty": 2,
                    "nm": "Device",
                    "refId": "image_5",
                    "sr": 1,
                    "ks": {
                        "o": {
                            "a": 0,
                            "k": 100,
                            "ix": 11
                        },
                        "r": {
                            "a": 0,
                            "k": 0,
                            "ix": 10
                        },
                        "p": {
                            "a": 1,
                            "k": [
                                {
                                    "i": {
                                        "x": 0.667,
                                        "y": 1
                                    },
                                    "o": {
                                        "x": 0.333,
                                        "y": 0
                                    },
                                    "t": 0,
                                    "s": [
                                        139.036,
                                        229.645,
                                        0
                                    ],
                                    "to": [
                                        0,
                                        -2.5,
                                        0
                                    ],
                                    "ti": [
                                        0,
                                        2.5,
                                        0
                                    ]
                                },
                                {
                                    "i": {
                                        "x": 0.667,
                                        "y": 0.667
                                    },
                                    "o": {
                                        "x": 0.333,
                                        "y": 0.333
                                    },
                                    "t": 60,
                                    "s": [
                                        139.036,
                                        214.645,
                                        0
                                    ],
                                    "to": [
                                        0,
                                        0,
                                        0
                                    ],
                                    "ti": [
                                        0,
                                        0,
                                        0
                                    ]
                                },
                                {
                                    "i": {
                                        "x": 0.667,
                                        "y": 1
                                    },
                                    "o": {
                                        "x": 0.333,
                                        "y": 0
                                    },
                                    "t": 80,
                                    "s": [
                                        139.036,
                                        214.645,
                                        0
                                    ],
                                    "to": [
                                        0,
                                        2.5,
                                        0
                                    ],
                                    "ti": [
                                        0,
                                        -2.5,
                                        0
                                    ]
                                },
                                {
                                    "t": 132.00000537647,
                                    "s": [
                                        139.036,
                                        229.645,
                                        0
                                    ]
                                }
                            ],
                            "ix": 2,
                            "l": 2
                        },
                        "a": {
                            "a": 0,
                            "k": [
                                98.207,
                                213.226,
                                0
                            ],
                            "ix": 1,
                            "l": 2
                        },
                        "s": {
                            "a": 0,
                            "k": [
                                100,
                                100,
                                100
                            ],
                            "ix": 6,
                            "l": 2
                        }
                    },
                    "ao": 0,
                    "ef": [
                        {
                            "ty": 34,
                            "nm": "Puppet",
                            "np": 6,
                            "mn": "ADBE FreePin3",
                            "ix": 1,
                            "en": 1,
                            "ef": [
                                {
                                    "ty": 7,
                                    "nm": "Puppet Engine",
                                    "mn": "ADBE FreePin3 Puppet Engine",
                                    "ix": 1,
                                    "v": {
                                        "a": 0,
                                        "k": 2,
                                        "ix": 1
                                    }
                                },
                                {
                                    "ty": 0,
                                    "nm": "Mesh Rotation Refinement",
                                    "mn": "ADBE FreePin3 Auto Rotate Pins",
                                    "ix": 2,
                                    "v": {
                                        "a": 0,
                                        "k": 20,
                                        "ix": 2
                                    }
                                },
                                {
                                    "ty": 7,
                                    "nm": "On Transparent",
                                    "mn": "ADBE FreePin3 On Transparent",
                                    "ix": 3,
                                    "v": {
                                        "a": 0,
                                        "k": 0,
                                        "ix": 3
                                    }
                                },
                                {
                                    "ty": 29.9700012207031,
                                    "nm": "arap",
                                    "np": 3,
                                    "mn": "ADBE FreePin3 ARAP Group",
                                    "ix": 4,
                                    "en": 1,
                                    "ef": [
                                        {
                                            "ty": 6,
                                            "nm": "Auto-traced Shapes",
                                            "mn": "ADBE FreePin3 Outlines",
                                            "ix": 1,
                                            "v": 0
                                        },
                                        {
                                            "ty": 1,
                                            "nm": "Mesh",
                                            "np": 1,
                                            "mn": "ADBE FreePin3 Mesh Group",
                                            "ix": 2,
                                            "en": 1,
                                            "ef": []
                                        }
                                    ]
                                }
                            ]
                        }
                    ],
                    "ip": 0,
                    "op": 899.000036617021,
                    "st": 0,
                    "bm": 0
                },
                {
                    "ddd": 0,
                    "ind": 7,
                    "ty": 2,
                    "nm": "Window",
                    "refId": "image_6",
                    "sr": 1,
                    "ks": {
                        "o": {
                            "a": 0,
                            "k": 100,
                            "ix": 11
                        },
                        "r": {
                            "a": 0,
                            "k": 0,
                            "ix": 10
                        },
                        "p": {
                            "a": 0,
                            "k": [
                                426.027,
                                134.125,
                                0
                            ],
                            "ix": 2,
                            "l": 2
                        },
                        "a": {
                            "a": 0,
                            "k": [
                                38.84,
                                111.209,
                                0
                            ],
                            "ix": 1,
                            "l": 2
                        },
                        "s": {
                            "a": 0,
                            "k": [
                                100,
                                100,
                                100
                            ],
                            "ix": 6,
                            "l": 2
                        }
                    },
                    "ao": 0,
                    "ip": 0,
                    "op": 899.000036617021,
                    "st": 0,
                    "bm": 0
                },
                {
                    "ddd": 0,
                    "ind": 8,
                    "ty": 2,
                    "nm": "Picture",
                    "refId": "image_7",
                    "sr": 1,
                    "ks": {
                        "o": {
                            "a": 0,
                            "k": 100,
                            "ix": 11
                        },
                        "r": {
                            "a": 0,
                            "k": 0,
                            "ix": 10
                        },
                        "p": {
                            "a": 0,
                            "k": [
                                350.825,
                                81.654,
                                0
                            ],
                            "ix": 2,
                            "l": 2
                        },
                        "a": {
                            "a": 0,
                            "k": [
                                21.099,
                                60.397,
                                0
                            ],
                            "ix": 1,
                            "l": 2
                        },
                        "s": {
                            "a": 0,
                            "k": [
                                100,
                                100,
                                100
                            ],
                            "ix": 6,
                            "l": 2
                        }
                    },
                    "ao": 0,
                    "ip": 0,
                    "op": 899.000036617021,
                    "st": 0,
                    "bm": 0
                },
                {
                    "ddd": 0,
                    "ind": 9,
                    "ty": 2,
                    "nm": "Shelf",
                    "refId": "image_8",
                    "sr": 1,
                    "ks": {
                        "o": {
                            "a": 0,
                            "k": 100,
                            "ix": 11
                        },
                        "r": {
                            "a": 0,
                            "k": 0,
                            "ix": 10
                        },
                        "p": {
                            "a": 0,
                            "k": [
                                91.214,
                                62.957,
                                0
                            ],
                            "ix": 2,
                            "l": 2
                        },
                        "a": {
                            "a": 0,
                            "k": [
                                51.372,
                                39.465,
                                0
                            ],
                            "ix": 1,
                            "l": 2
                        },
                        "s": {
                            "a": 0,
                            "k": [
                                100,
                                100,
                                100
                            ],
                            "ix": 6,
                            "l": 2
                        }
                    },
                    "ao": 0,
                    "ip": 0,
                    "op": 899.000036617021,
                    "st": 0,
                    "bm": 0
                },
                {
                    "ddd": 0,
                    "ind": 10,
                    "ty": 2,
                    "nm": "Shadows",
                    "refId": "image_9",
                    "sr": 1,
                    "ks": {
                        "o": {
                            "a": 0,
                            "k": 100,
                            "ix": 11
                        },
                        "r": {
                            "a": 0,
                            "k": 0,
                            "ix": 10
                        },
                        "p": {
                            "a": 0,
                            "k": [
                                245.489,
                                400.278,
                                0
                            ],
                            "ix": 2,
                            "l": 2
                        },
                        "a": {
                            "a": 0,
                            "k": [
                                227.699,
                                70.981,
                                0
                            ],
                            "ix": 1,
                            "l": 2
                        },
                        "s": {
                            "a": 0,
                            "k": [
                                100,
                                100,
                                100
                            ],
                            "ix": 6,
                            "l": 2
                        }
                    },
                    "ao": 0,
                    "ip": 0,
                    "op": 899.000036617021,
                    "st": 0,
                    "bm": 0
                },
                {
                    "ddd": 0,
                    "ind": 11,
                    "ty": 2,
                    "nm": "Floor",
                    "refId": "image_10",
                    "sr": 1,
                    "ks": {
                        "o": {
                            "a": 0,
                            "k": 100,
                            "ix": 11
                        },
                        "r": {
                            "a": 0,
                            "k": 0,
                            "ix": 10
                        },
                        "p": {
                            "a": 0,
                            "k": [
                                251.882,
                                350.506,
                                0
                            ],
                            "ix": 2,
                            "l": 2
                        },
                        "a": {
                            "a": 0,
                            "k": [
                                267.758,
                                161.237,
                                0
                            ],
                            "ix": 1,
                            "l": 2
                        },
                        "s": {
                            "a": 0,
                            "k": [
                                100,
                                100,
                                100
                            ],
                            "ix": 6,
                            "l": 2
                        }
                    },
                    "ao": 0,
                    "ip": 0,
                    "op": 899.000036617021,
                    "st": 0,
                    "bm": 0
                },
                {
                    "ddd": 0,
                    "ind": 12,
                    "ty": 2,
                    "nm": "BG",
                    "refId": "image_11",
                    "sr": 1,
                    "ks": {
                        "o": {
                            "a": 0,
                            "k": 100,
                            "ix": 11
                        },
                        "r": {
                            "a": 0,
                            "k": 0,
                            "ix": 10
                        },
                        "p": {
                            "a": 0,
                            "k": [
                                0,
                                500,
                                0
                            ],
                            "ix": 2,
                            "l": 2
                        },
                        "a": {
                            "a": 0,
                            "k": [
                                0,
                                0,
                                0
                            ],
                            "ix": 1,
                            "l": 2
                        },
                        "s": {
                            "a": 0,
                            "k": [
                                100,
                                100,
                                100
                            ],
                            "ix": 6,
                            "l": 2
                        }
                    },
                    "ao": 0,
                    "ip": 0,
                    "op": 899.000036617021,
                    "st": 0,
                    "bm": 0
                },
                {
                    "ddd": 0,
                    "ind": 13,
                    "ty": 1,
                    "nm": "White Solid 1",
                    "sr": 1,
                    "ks": {
                        "o": {
                            "a": 0,
                            "k": 100,
                            "ix": 11
                        },
                        "r": {
                            "a": 0,
                            "k": 0,
                            "ix": 10
                        },
                        "p": {
                            "a": 0,
                            "k": [
                                250,
                                250,
                                0
                            ],
                            "ix": 2,
                            "l": 2
                        },
                        "a": {
                            "a": 0,
                            "k": [
                                250,
                                250,
                                0
                            ],
                            "ix": 1,
                            "l": 2
                        },
                        "s": {
                            "a": 0,
                            "k": [
                                100,
                                100,
                                100
                            ],
                            "ix": 6,
                            "l": 2
                        }
                    },
                    "ao": 0,
                    "sw": 500,
                    "sh": 500,
                    "sc": "#ffffff",
                    "ip": 0,
                    "op": 899.000036617021,
                    "st": 0,
                    "bm": 0
                }
            ]
        }
    ],
    "layers": [
        {
            "ddd": 0,
            "ind": 1,
            "ty": 0,
            "nm": "form",
            "refId": "comp_0",
            "sr": 1,
            "ks": {
                "o": {
                    "a": 0,
                    "k": 100,
                    "ix": 11
                },
                "r": {
                    "a": 0,
                    "k": 0,
                    "ix": 10
                },
                "p": {
                    "a": 0,
                    "k": [
                        540,
                        536,
                        0
                    ],
                    "ix": 2,
                    "l": 2
                },
                "a": {
                    "a": 0,
                    "k": [
                        250,
                        250,
                        0
                    ],
                    "ix": 1,
                    "l": 2
                },
                "s": {
                    "a": 0,
                    "k": [
                        218,
                        218,
                        100
                    ],
                    "ix": 6,
                    "l": 2
                }
            },
            "ao": 0,
            "w": 500,
            "h": 500,
            "ip": 0,
            "op": 899.000036617021,
            "st": 0,
            "bm": 0
        }
    ],
    "markers": []
}